strategy,annual_return,annual_vol,sharpe,max_drawdown,calmar,total_return
risk_parity,0.0758198174822926,0.08527748998411842,0.8890953227682105,-0.13019284606925996,0.5823654660868078,0.5785057743972521
equal_weight,0.0758198174822926,0.08527748998411842,0.8890953227682105,-0.13019284606925996,0.5823654660868078,0.5785057743972521
black_litterman,0.07477230716475503,0.08997848051606085,0.8310021100146099,-0.14124279245934335,0.529388479672534,0.5689303053053592
max_diversification,0.0567201555274337,0.06831214300810193,0.8303085371030828,-0.10597484098543364,0.5352228415726517,0.41141544309205935
mean_variance,0.11457174910680323,0.19300629783668447,0.5936166352651873,-0.3170429582924065,0.361376104121305,0.968966178659924
